Subject,Start Date,Start Time,End Date,End Time,All day event,Description,Location
Boys Varsity Cross Country at SPIRE Academy,8/29/2026,,8/29/2026,,True,,SPIRE Academy
Boys Varsity Cross Country at Multiple,9/5/2026,,9/5/2026,,True,,Garfield Park
Boys Varsity Cross Country at Mason High School,9/11/2026,,9/11/2026,,True,,Mason High School
Boys Varsity Cross Country at Boardman High School,9/19/2026,,9/19/2026,,True,,Boardman High School
Boys Varsity Cross Country vs Strongsville Inv.,9/26/2026,,9/26/2026,,True,,Strongsville
Boys Varsity Cross Country at Gilmour Academy Invitational,10/2/2026,,10/2/2026,,True,,Gilmour Academy Invitational
Boys Varsity Cross Country at Medina Cross Country Festival,10/10/2026,,10/10/2026,,True,,Medina Cross Country Festival
Boys Varsity Cross Country vs Greater Cleveland Conference,10/17/2026,,10/17/2026,,True,,Greater Cleveland Conference
Boys Varsity Cross Country at Boardman High School,10/31/2026,12:00 AM,10/31/2026,3:00 AM,False,,Boardman High School
Boys Middle School Cross Country at Keystone,8/24/2026,,8/24/2026,,True,,Equestrian Center
Boys Middle School Cross Country vs SHS,9/1/2026,,9/1/2026,,True,,Strongsville
Boys Middle School Cross Country at Open Door Christian Invitational,9/8/2026,,9/8/2026,,True,,LCCC
Boys Middle School Cross Country at Avon Invitational,9/10/2026,,9/10/2026,,True,,Vets
Boys Middle School Cross Country vs Strongsville Invitational,9/26/2026,,9/26/2026,,True,,Strongsville
Boys Middle School Cross Country at Mentor,9/29/2026,,9/29/2026,,True,,Garfield Park
Boys Middle School Cross Country vs SMS,10/6/2026,,10/6/2026,,True,,Strongsville
Boys Middle School Cross Country at GCC Championship,10/17/2026,,10/17/2026,,True,,Mentor HS
Boys Varsity Football vs Highland Varsity,8/28/2026,,8/28/2026,,True,,Strongsville High School Football Stadium
Boys Varsity Football at Avon Lake Varsity,8/21/2026,,8/21/2026,,True,,Avon Lake High School
Boys Varsity Football at Olmsted Falls Varsity,9/4/2026,,9/4/2026,,True,,Olmsted Falls High School
Boys Varsity Football vs Cleveland Heights Varsity,9/11/2026,,9/11/2026,,True,,Strongsville High School Football Stadium
Boys Varsity Football at Euclid Varsity,9/18/2026,,9/18/2026,,True,,Euclid High School
Boys Varsity Football at Painesville Riverside Varsity,9/25/2026,,9/25/2026,,True,,Riverside High School
Boys Varsity Football vs Mentor Varsity,10/2/2026,,10/2/2026,,True,,Strongsville High School Football Stadium
Boys Varsity Football vs Lorain Varsity,10/9/2026,,10/9/2026,,True,,Strongsville High School Football Stadium
Boys Varsity Football at Shaker Heights Varsity,10/16/2026,,10/16/2026,,True,,Shaker Hts High School
Boys Varsity Football vs Brunswick Varsity,10/23/2026,,10/23/2026,,True,,Strongsville High School Football Stadium
Boys Varsity Football at Massilon Jackson,8/22/2026,,8/22/2026,,True,,Jackson High School
Boys Varsity Football vs Magnificat,8/26/2026,,8/26/2026,,True,,Foltz Field
Boys Varsity Football at Avon,8/29/2026,,8/29/2026,,True,,Avon Early Learning Center
Boys Varsity Football at Cleveland Heights,9/2/2026,,9/2/2026,,True,,Cleveland Heights High School
Boys Varsity Football at Pigeon Forge,9/4/2026,12:00 AM,9/4/2026,3:00 AM,False,,Pigeon Forge
Boys Varsity Football at Pigeon Forge,9/5/2026,12:00 AM,9/5/2026,3:00 AM,False,,Pigeon Forge
Boys Varsity Football at Pigeon Forge,9/6/2026,12:00 PM,9/6/2026,3:00 PM,False,,Pigeon Forge
Boys Varsity Football vs Mentor,9/9/2026,,9/9/2026,,True,,Foltz Field
Boys Varsity Football at Walsh Jesuit,9/12/2026,,9/12/2026,,True,,Walsh Jesuit High School
Boys Varsity Football at Painesville Riverside,9/14/2026,,9/14/2026,,True,,Riverside High School
Boys Varsity Football at Shaker Heights,9/16/2026,,9/16/2026,,True,,Hathaway Brown
Boys Varsity Football vs Anthony Wayne,9/19/2026,,9/19/2026,,True,,Foltz Field
Boys Varsity Football at Lorain,9/23/2026,,9/23/2026,,True,,Lorain High School
Boys Varsity Football vs Brunswick,9/30/2026,,9/30/2026,,True,,Foltz Field
Boys Varsity Football vs Upper Arlington,10/3/2026,,10/3/2026,,True,,Foltz Field
Boys Varsity Football vs Euclid,10/7/2026,,10/7/2026,,True,,Foltz Field
Boys Varsity Football at Medina,10/14/2026,,10/14/2026,,True,,Memorial Soccer Stadium
Boys Varsity Football at Perrysburg,10/17/2026,,10/17/2026,,True,,Perrysburg High School
Boys JV Football vs Avon Lake,8/22/2026,,8/22/2026,,True,,Strongsville High School Football Stadium
Boys JV Football at Highland,8/29/2026,,8/29/2026,,True,,Medina Highland Middle School
Boys JV Football vs Olmsted Falls,9/5/2026,,9/5/2026,,True,,Strongsville High School Football Stadium
Boys JV Football at Cleveland Heights,9/12/2026,,9/12/2026,,True,,Cleveland Heights High School
Boys JV Football vs Euclid,9/19/2026,,9/19/2026,,True,,Strongsville High School Football Stadium
Boys JV Football vs Painesville RIverside,9/26/2026,,9/26/2026,,True,,Strongsville High School Football Stadium
Boys JV Football at Mentor,10/3/2026,,10/3/2026,,True,,Mentor High School
Boys JV Football at Lorain,10/10/2026,,10/10/2026,,True,,Lorain High School
Boys JV Football vs Shaker Heights,10/17/2026,,10/17/2026,,True,,Strongsville High School Football Stadium
Boys JV Football at Brunswick,10/24/2026,,10/24/2026,,True,,Brunswick High School
Boys JV Football vs Avon Lake,8/22/2026,,8/22/2026,,True,,Strongsville
Boys JV Football vs Euclid,9/19/2026,,9/19/2026,,True,,Strongsville
Boys JV Football at Highland,8/29/2026,,8/29/2026,,True,,Highland
Boys JV Football vs Riverside,9/26/2026,,9/26/2026,,True,,Strongsville
Boys JV Football vs Olmsted Falls,9/5/2026,,9/5/2026,,True,,Strongsville
Boys JV Football at Mentor,10/3/2026,,10/3/2026,,True,,Mentor
Boys JV Football at Cleveland Heights,9/12/2026,,9/12/2026,,True,,Cleveland Heights
Boys JV Football at Lorain,10/10/2026,,10/10/2026,,True,,Lorain
Boys JV Football vs Shaker Hts,10/17/2026,,10/17/2026,,True,,Strongsville
Boys JV Football at Brunswick,10/24/2026,,10/24/2026,,True,,Brunswick
Boys Freshman Football at Highland,8/27/2026,,8/27/2026,,True,,Strongsville High School Football Stadium
Boys Freshman Football vs Olmsted Falls,9/3/2026,,9/3/2026,,True,,Olmsted Falls High School
Boys Freshman Football at Cleveland Heights,9/10/2026,,9/10/2026,,True,,Cleveland Heights High School
Boys Freshman Football vs Euclid,9/17/2026,,9/17/2026,,True,,Strongsville High School Football Stadium
Boys Freshman Football vs Avon Lake,8/20/2026,,8/20/2026,,True,,Strongsville High School Football Stadium
Boys Freshman Football vs Painesville RIverside,9/24/2026,,9/24/2026,,True,,Strongsville High School Football Stadium
Boys Freshman Football at Mentor,10/1/2026,,10/1/2026,,True,,Mentor High School
Boys Freshman Football at Lora,10/8/2026,,10/8/2026,,True,,Lorain High School
Boys Freshman Football at Shaker Heights,10/15/2026,,10/15/2026,,True,,Strongsville High School Football Stadium
Boys Freshman Football at Brunswick,10/22/2026,,10/22/2026,,True,,Brunswick High School
Boys Freshman Football vs Avon Lake,8/20/2026,,8/20/2026,,True,,Strongsville
Boys Freshman Football vs Benedictine,9/10/2026,,9/10/2026,,True,,Strongsville
Boys Freshman Football at Highland,8/27/2026,,8/27/2026,,True,,Highland
Boys Freshman Football vs Riverside,9/24/2026,,9/24/2026,,True,,Strongsville
Boys Freshman Football vs Olmsted Falls,9/3/2026,,9/3/2026,,True,,Strongsville
Boys Freshman Football vs Euclid,9/17/2026,,9/17/2026,,True,,Strongsville
Boys Freshman Football at Brunswick,10/22/2026,,10/22/2026,,True,,Brunswick
Boys Freshman Football at Mentor,10/1/2026,,10/1/2026,,True,,Mentor
Boys Freshman Football at Lorain,10/8/2026,,10/8/2026,,True,,Lorain
Boys Freshman Football vs Shaker Hts,10/15/2026,,10/15/2026,,True,,Strongsville
Boys 8th A Football at Lorain,9/15/2026,,9/15/2026,,True,,Johnnie Wilson Middle School
Boys 8th A Football vs Shore,9/22/2026,,9/22/2026,,True,,Strongsville
Boys 8th A Football at Shaker Hts,10/7/2026,,10/7/2026,,True,,Shaker MS
Boys 8th A Football at Brunswick,10/14/2026,,10/14/2026,,True,,Brunswick MS
Boys 8th A Football vs Riverside,8/18/2026,,8/18/2026,,True,,Strongsville
Boys 8th A Football at Memorial,8/26/2026,,8/26/2026,,True,,Memorial MS
Boys 8th A Football vs Euclid,9/1/2026,,9/1/2026,,True,,Strongsville
Boys 8th A Football vs Cleveland Hts,9/30/2026,,9/30/2026,,True,,Strongsville
Boys 8th B Football at Medina Highland,8/20/2026,,8/20/2026,,True,,Highland MS
Boys 8th B Football vs Bay,8/27/2026,,8/27/2026,,True,,Strongsville
Boys 8th B Football at Berea Midpark,9/9/2026,,9/9/2026,,True,,Berea Midpark MS
Boys 8th B Football vs Olmsted Falls,10/1/2026,,10/1/2026,,True,,Strongsville
Boys 7th A Football at Riverside,8/18/2026,,8/18/2026,,True,,Riverside Stadium
Boys 7th A Football vs Memorial,8/25/2026,,8/25/2026,,True,,Strongsville
Boys 7th A Football at Euclid,9/2/2026,,9/2/2026,,True,,Euclid MS
Boys 7th A Football vs Lorain,9/15/2026,,9/15/2026,,True,,Strongsville
Boys 7th A Football at Shore,9/23/2026,,9/23/2026,,True,,Shore MS
Boys 7th A Football at Cleveland Hts,9/30/2026,,9/30/2026,,True,,Roxboro MS
Boys 7th A Football vs Shaker Hts,10/7/2026,,10/7/2026,,True,,Strongsville
Boys 7th A Football vs Brunswick,10/14/2026,,10/14/2026,,True,,Strongsville
Boys 7th B Football vs Medina Highland,8/20/2026,,8/20/2026,,True,,Strongsville
Boys 7th B Football at Greenbriar,8/27/2026,,8/27/2026,,True,,Greenbriar MS
Boys 7th B Football at Berea Midpark,9/9/2026,,9/9/2026,,True,,Berea Midpark MS
Boys 7th B Football vs Medina,9/17/2026,,9/17/2026,,True,,Strongsville
Boys 7th B Football at Olmsted Falls,10/1/2026,,10/1/2026,,True,,OFMS
Boys Varsity Golf at Green Invite,8/17/2026,,8/17/2026,,True,,Ohio Prestwick CC
Boys Varsity Golf at SVSM Invite,8/20/2026,,8/20/2026,,True,,Goodpark GC
Boys Varsity Golf at Lake Invite,8/24/2026,,8/24/2026,,True,,Congress Lake CC
Boys Varsity Golf at GCC #2,8/27/2026,,8/27/2026,,True,,Goodpark GC
Boys Varsity Golf at Snowbelt Invite,8/29/2026,,8/29/2026,,True,,Meadville CC
Boys Varsity Golf at Snowbelt Invite,8/30/2026,,8/30/2026,,True,,Meadville CC
Boys Varsity Golf at Midview Invite,9/8/2026,,9/8/2026,,True,,Columbia Hills CC
Boys Varsity Golf at GCC #3,9/10/2026,,9/10/2026,,True,,Quail Hollow CC
Boys Varsity Golf at Wooster Invite,9/14/2026,,9/14/2026,,True,,Wooster CC
Boys Varsity Golf vs Strongsville Invite Day 1,9/20/2026,,9/20/2026,,True,,Weymouth CC
Boys Varsity Golf at Strongsville Invite Day 2,9/21/2026,,9/21/2026,,True,,Fox Meadow CC
Boys Varsity Golf at GCC #4,9/23/2026,,9/23/2026,,True,,Windmill Lakes GC
Boys Varsity Golf at North Ridgeville Invite,9/24/2026,,9/24/2026,,True,,Greyhawk GC
Boys Varsity Golf at Sectional Tournament,9/28/2026,,9/28/2026,,True,,Greyhawk GC
Boys Varsity Golf at District Tournament,10/5/2026,,10/5/2026,,True,,Pine Hills GC
Boys Varsity Golf at Brunswick,9/2/2026,,9/2/2026,,True,,Pine Hills GC
Boys Varsity Golf at Green Invite,8/17/2026,,8/17/2026,,True,,Prestwick Country Club
Boys Varsity Golf at Midview Invite,9/8/2026,,9/8/2026,,True,,Columbia Hills CC
Boys Varsity Golf at Lake Invite,8/24/2026,,8/24/2026,,True,,Congress Lake Country Club
Boys Varsity Golf at Wooster Invite,9/14/2026,,9/14/2026,,True,,Wooster Country Club
Boys Varsity Golf at GCC #2,8/27/2026,,8/27/2026,,True,,Goodpark GC
Boys Varsity Golf at Grove City Invite,9/19/2026,,9/19/2026,,True,,Pinnacle Golf Club
Boys Varsity Golf vs Strongsville Invite Day 1,9/20/2026,,9/20/2026,,True,,Weymouth Country Club
Boys Varsity Golf at GCC #3,9/10/2026,,9/10/2026,,True,,Quail Hollow Country Club
Boys Varsity Golf vs Strongsville Invite Day 2,9/21/2026,,9/21/2026,,True,,Fox Meadow Country Club
Boys Varsity Golf at GCC #4,9/23/2026,,9/23/2026,,True,,Windmill Lakes Golf Club
Boys Varsity Golf at North Ridgeville Invite,9/24/2026,,9/24/2026,,True,,Greyhawk GC
Boys Varsity Golf at SVSM Invite,8/20/2026,,8/20/2026,,True,,Goodpark GC
Boys Varsity Golf at Snowbelt Invite,8/29/2026,,8/29/2026,,True,,Meadville CC
Boys Varsity Golf at Brunswick (Scrim.),9/2/2026,,9/2/2026,,True,,Pine Hills GC
Boys Varsity Golf at Sectional Tournament,9/28/2026,,9/28/2026,,True,,Greyhawk GC
Boys Varsity Golf at District Tournament,10/5/2026,,10/5/2026,,True,,Pine Hills GC
Boys JV Golf at Hudson Invite,8/17/2026,,8/17/2026,,True,,Ohio Prestwick CC
Boys JV Golf vs Cleveland Heights,8/18/2026,,8/18/2026,,True,,Bunker Hill GC
Boys JV Golf at Highland,8/19/2026,,8/19/2026,,True,,Pleasant Valley GC
Boys JV Golf vs Mentor,8/25/2026,,8/25/2026,,True,,Bunker Hill GC
Boys JV Golf at SVSM,8/26/2026,12:00 AM,8/26/2026,3:00 AM,False,,Goodpark GC
Boys JV Golf at Wadsworth,8/31/2026,,8/31/2026,,True,,Pine Valley GC
Boys JV Golf vs North Royalton,9/1/2026,,9/1/2026,,True,,Bunker Hill GC
Boys JV Golf at Medina,9/2/2026,,9/2/2026,,True,,Fox Meadow CC
Boys JV Golf vs North Ridgeville,9/3/2026,,9/3/2026,,True,,Bunker Hill GC
Boys JV Golf at Shaker Heights,9/8/2026,,9/8/2026,,True,,Highland Park GC
Boys JV Golf vs Brunswick,9/10/2026,,9/10/2026,,True,,Bunker Hill GC
Boys JV Golf at Ashland Invite,9/11/2026,,9/11/2026,,True,,Ashland Brookside GC
Boys JV Golf at Bay,9/16/2026,,9/16/2026,,True,,Sweetbriar GC
Boys JV Golf at North Ridgeville Invite,9/21/2026,,9/21/2026,,True,,Fox Meadow CC
Boys JV Golf vs Lorain,9/22/2026,,9/22/2026,,True,,Bunker Hill GC
Boys JV Golf at GCC #2,9/23/2026,,9/23/2026,,True,,Windmill Lakes GC
Boys JV Golf vs Mentor,8/25/2026,,8/25/2026,,True,,Bunker Hill Golf Course
Boys JV Golf at Wadsworth,8/31/2026,,8/31/2026,,True,,Pine Valley Golf Club
Boys JV Golf at Hudson Inv.,8/17/2026,,8/17/2026,,True,,Country Club of Hudson
Boys JV Golf vs Cleveland Heights,8/18/2026,,8/18/2026,,True,,Bunker Hill Golf Course
Boys JV Golf at Medina,9/2/2026,,9/2/2026,,True,,Fox Meadow Country Club
Boys JV Golf vs North Ridgeville,9/3/2026,,9/3/2026,,True,,Bunker Hill Golf Course
Boys JV Golf vs North Royalton,9/1/2026,,9/1/2026,,True,,Bunker Hill Golf Course
Boys JV Golf vs Brunswick,9/10/2026,,9/10/2026,,True,,Bunker Hill Golf Course
Boys JV Golf at Ashland Invite,9/11/2026,,9/11/2026,,True,,Brookside Park
Boys JV Golf at Riverside,9/15/2026,,9/15/2026,,True,,Little Mountain Golf Course
Boys JV Golf at Shaker Hts,9/8/2026,,9/8/2026,,True,,Highland Golf Course
Boys JV Golf at North Ridgeville Inv.,9/21/2026,,9/21/2026,,True,,Fox Meadow CC
Boys JV Golf vs Lorain,9/22/2026,,9/22/2026,,True,,Bunker Hill Golf Course
Boys JV Golf at SVSM,8/26/2026,,8/26/2026,,True,,Goodpark Golf Course
Boys JV Golf at Bay,9/16/2026,,9/16/2026,,True,,Sweetbriar Golf Course
Boys JV Golf at GCC #2,9/23/2026,,9/23/2026,,True,,Windmill Lakes GC
Boys JV Golf at Highland,8/19/2026,,8/19/2026,,True,,Pleasant Valley GC
Boys Varsity Soccer vs Aurora,8/18/2026,,8/18/2026,,True,,Foltz Field
Boys Varsity Soccer at Olmsted Falls,8/20/2026,,8/20/2026,,True,,Olmsted Falls High School
Boys Varsity Soccer vs Highland,8/24/2026,,8/24/2026,,True,,Foltz Field
Boys Varsity Soccer vs Cleveland Heights,9/1/2026,,9/1/2026,,True,,Foltz Field
Boys Varsity Soccer at Detroit Central Catholic,9/5/2026,,9/5/2026,,True,,Detroit Central Catholic High School
Boys Varsity Soccer at Mentor,9/8/2026,,9/8/2026,,True,,Mentor High School
Boys Varsity Soccer at Glen Oak,9/12/2026,,9/12/2026,,True,,Glen Oak High School
Boys Varsity Soccer vs Shaker Heights,9/15/2026,,9/15/2026,,True,,Foltz Field
Boys Varsity Soccer at Lakewood,9/21/2026,,9/21/2026,,True,,Lakewood High School
Boys Varsity Soccer vs Lorain,9/22/2026,,9/22/2026,,True,,Foltz Field
Boys Varsity Soccer vs Berea Midpark,9/26/2026,,9/26/2026,,True,,Foltz Field
Boys Varsity Soccer at Brunswick,9/29/2026,,9/29/2026,,True,,Brunswick High School
Boys Varsity Soccer vs Fairview,10/3/2026,,10/3/2026,,True,,Foltz Field
Boys Varsity Soccer at Euclid,10/6/2026,,10/6/2026,,True,,Euclid High School
Boys Varsity Soccer at Findlay,10/10/2026,,10/10/2026,,True,,Findlay High School Football Stadium
Boys Varsity Soccer vs Painesville Riverside,10/13/2026,,10/13/2026,,True,,Foltz Field
Boys Varsity Soccer vs Highland,8/22/2026,,8/22/2026,,True,,Strongsville
Boys Varsity Soccer vs Oberlin,8/24/2026,,8/24/2026,,True,,Strongsville
Boys Varsity Soccer vs Cleveland Heights,9/1/2026,,9/1/2026,,True,,Strongsville
Boys Varsity Soccer vs Aurora,8/18/2026,,8/18/2026,,True,,Strongsville
Boys Varsity Soccer at Mentor,9/8/2026,,9/8/2026,,True,,Mentor
Boys Varsity Soccer vs Olmsted Falls,8/20/2026,,8/20/2026,,True,,Strongsville
Boys Varsity Soccer at GlenOak,9/12/2026,,9/12/2026,,True,,GlenOak
Boys Varsity Soccer vs Shaker Hts,9/15/2026,,9/15/2026,,True,,Strongsville
Boys Varsity Soccer at Lakewood,9/21/2026,,9/21/2026,,True,,Lakewood
Boys Varsity Soccer vs Lorain,9/22/2026,,9/22/2026,,True,,Strongsville
Boys Varsity Soccer vs Fairview,10/3/2026,,10/3/2026,,True,,Strongsville
Boys Varsity Soccer at Euclid,10/6/2026,,10/6/2026,,True,,Euclid
Boys Varsity Soccer vs Berea-Midpark,9/26/2026,,9/26/2026,,True,,Strongsville
Boys Varsity Soccer at Brunswick,9/29/2026,,9/29/2026,,True,,Brunswick
Boys Varsity Soccer at Findlay,10/10/2026,,10/10/2026,,True,,Findlay
Boys Varsity Soccer vs Riverside,10/13/2026,,10/13/2026,,True,,Strongsville
Boys Varsity Soccer at Detroit Central Catholic,9/5/2026,,9/5/2026,,True,,Detroit Central Catholic
Boys JV A Soccer vs Aurora,8/18/2026,,8/18/2026,,True,,Foltz Field
Boys JV A Soccer at Olmsted Falls,8/20/2026,,8/20/2026,,True,,Olmsted Falls High School
Boys JV A Soccer vs Highland,8/22/2026,,8/22/2026,,True,,Foltz Field
Boys JV A Soccer vs Oberlin,8/24/2026,,8/24/2026,,True,,Foltz Field
Boys JV A Soccer vs Cleveland Heights,9/1/2026,,9/1/2026,,True,,Foltz Field
Boys JV A Soccer at Detroit Central Catholic,9/5/2026,,9/5/2026,,True,,Detroit Central Catholic High School
Boys JV A Soccer at Mentor,9/8/2026,,9/8/2026,,True,,Mentor High School
Boys JV A Soccer vs Medina,9/10/2026,,9/10/2026,,True,,Foltz Field
Boys JV A Soccer at Glen Oak,9/12/2026,,9/12/2026,,True,,Glen Oak High School
Boys JV A Soccer vs Shaker Heights,9/15/2026,,9/15/2026,,True,,Foltz Field
Boys JV A Soccer at Lakewood,9/21/2026,,9/21/2026,,True,,Lakewood High School
Boys JV A Soccer vs Berea Midpark,9/26/2026,,9/26/2026,,True,,Foltz Field
Boys JV A Soccer at Brunswick,9/29/2026,,9/29/2026,,True,,Brunswick High School
Boys JV A Soccer vs Fairview,10/3/2026,,10/3/2026,,True,,Foltz Field
Boys JV A Soccer at Findlay,10/10/2026,,10/10/2026,,True,,Findlay HS
Boys JV A Soccer vs Painesville Riverside,10/13/2026,,10/13/2026,,True,,Foltz Field
Boys JV A Soccer vs Olmsted Falls,8/20/2026,,8/20/2026,,True,,Strongsville
Boys JV A Soccer vs Aurora,8/18/2026,,8/18/2026,,True,,Strongsville
Boys JV A Soccer vs Highland,8/22/2026,,8/22/2026,,True,,Strongsville
Boys JV A Soccer vs Oberlin,8/24/2026,,8/24/2026,,True,,Strongsville
Boys JV A Soccer vs Shaker Hts,9/15/2026,,9/15/2026,,True,,Strongsville
Boys JV A Soccer vs Cleveland Heights,9/1/2026,,9/1/2026,,True,,Strongsville
Boys JV A Soccer at Lakewood,9/21/2026,,9/21/2026,,True,,Lakewood
Boys JV A Soccer at Mentor,9/8/2026,,9/8/2026,,True,,Mentor
Boys JV A Soccer at GlenOak,9/12/2026,,9/12/2026,,True,,GlenOak
Boys JV A Soccer vs Fairview,10/3/2026,,10/3/2026,,True,,Strongsville
Boys JV A Soccer at Findlay,10/10/2026,,10/10/2026,,True,,Findlay
Boys JV A Soccer vs Berea-Midpark,9/26/2026,,9/26/2026,,True,,Strongsville
Boys JV A Soccer vs Riverside,10/13/2026,,10/13/2026,,True,,Strongsville
Boys JV A Soccer at Brunswick,9/29/2026,,9/29/2026,,True,,Brunswick
Boys JV A Soccer at Detroit Central Catholic,9/5/2026,,9/5/2026,,True,,Detroit Central Catholic
Boys JV A Soccer vs Medina,9/10/2026,,9/10/2026,,True,,Strongsville
Boys JV A Soccer at Euclid,10/6/2026,,10/6/2026,,True,,Euclid
Boys JV B Soccer vs Avon,8/17/2026,,8/17/2026,,True,,Post Office Fields
Boys JV B Soccer vs Walsh,9/3/2026,,9/3/2026,,True,,Post Office Fields
Boys JV B Soccer at Mentor,9/8/2026,,9/8/2026,,True,,Mentor High School
Boys JV B Soccer vs Medina,9/10/2026,,9/10/2026,,True,,Foltz Field
Boys JV B Soccer at Glen Oak,9/12/2026,,9/12/2026,,True,,Glen Oak High School
Boys JV B Soccer at Brunswick,9/29/2026,,9/29/2026,,True,,Brunswick High School
Boys JV B Soccer at Walsh Jesuit,9/30/2026,,9/30/2026,,True,,Walsh Jesuit High School
Boys JV B Soccer vs Brush,10/6/2026,,10/6/2026,,True,,Foltz Field
Boys JV B Soccer at Medina,10/8/2026,,10/8/2026,,True,,Medina High School
Boys JV B Soccer vs Highland,8/22/2026,,8/22/2026,,True,,Strongsville
Boys JV B Soccer at GlenOak,9/12/2026,,9/12/2026,,True,,GlenOak
Boys JV B Soccer at Brunswick,9/29/2026,,9/29/2026,,True,,Brunswick
Boys JV B Soccer vs Walsh Jesuit,9/3/2026,,9/3/2026,,True,,Strongsville
Boys JV B Soccer vs Medina,9/10/2026,,9/10/2026,,True,,Strongsville
Boys JV B Soccer vs Brush,10/6/2026,,10/6/2026,,True,,Strongsville
Boys JV B Soccer vs Brunswick,10/12/2026,,10/12/2026,,True,,Strongsville
Boys JV B Soccer vs Olmsted Falls,8/25/2026,,8/25/2026,,True,,Strongsville
Boys JV B Soccer at Mentor,9/8/2026,,9/8/2026,,True,,Mentor
Boys JV B Soccer at Highland,9/17/2026,,9/17/2026,,True,,Highland
Boys JV B Soccer at Walsh Jesuit,9/30/2026,,9/30/2026,,True,,Walsh Jesuit
Girls Varsity Cross Country at SPIRE Academy,8/29/2026,,8/29/2026,,True,,SPIRE Academy
Girls Varsity Cross Country at Multiple,9/5/2026,,9/5/2026,,True,,Garfield Park
Girls Varsity Cross Country at Mason High School,9/11/2026,,9/11/2026,,True,,Mason High School
Girls Varsity Cross Country at Boardman High School,9/19/2026,,9/19/2026,,True,,Boardman High School
Girls Varsity Cross Country vs Strongsville Inv.,9/26/2026,,9/26/2026,,True,,Strongsville
Girls Varsity Cross Country at Gilmour Academy Invitational,10/2/2026,,10/2/2026,,True,,Gilmour Academy Invitational
Girls Varsity Cross Country at Medina Cross Country Festival,10/10/2026,,10/10/2026,,True,,Medina Cross Country Festival
Girls Varsity Cross Country vs Greater Cleveland Conference,10/17/2026,,10/17/2026,,True,,Greater Cleveland Conference
Girls Varsity Cross Country at Boardman High School,10/31/2026,12:00 AM,10/31/2026,3:00 AM,False,,Boardman High School
Girls Middle School Cross Country at Keystone,8/24/2026,,8/24/2026,,True,,Equestrian Center
Girls Middle School Cross Country vs SHS,9/1/2026,,9/1/2026,,True,,Strongsville
Girls Middle School Cross Country at Open Door Christian Invitational,9/8/2026,,9/8/2026,,True,,LCCC
Girls Middle School Cross Country at Avon Invitational,9/10/2026,,9/10/2026,,True,,Vets
Girls Middle School Cross Country vs Strongsville Invitational,9/26/2026,,9/26/2026,,True,,Strongsville
Girls Middle School Cross Country at Mentor,9/29/2026,,9/29/2026,,True,,Garfield Park
Girls Middle School Cross Country vs SMS,10/6/2026,,10/6/2026,,True,,Strongsville
Girls Middle School Cross Country at GCC Championship,10/17/2026,,10/17/2026,,True,,Mentor HS
Girls Varsity Golf at Brunswick Invite,8/21/2026,,8/21/2026,,True,,Shawnee Hills
Girls Varsity Golf at Highland,8/26/2026,,8/26/2026,,True,,Pine Hills
Girls Varsity Golf at GCC #3,8/27/2026,,8/27/2026,,True,,Tanglewood
Girls Varsity Golf at Avon Tournament,8/31/2026,,8/31/2026,,True,,Oberlin CC
Girls Varsity Golf at Rocky River,9/1/2026,,9/1/2026,,True,,Little Met
Girls Varsity Golf at St. Joe's,9/2/2026,,9/2/2026,,True,,Big Met
Girls Varsity Golf at Laurel Invite,9/8/2026,,9/8/2026,,True,,Canterbury
Girls Varsity Golf at Rocky River Invite,9/9/2026,,9/9/2026,,True,,Big Met
Girls Varsity Golf at Medina Invite,9/10/2026,,9/10/2026,,True,,Fox Meadows
Girls Varsity Golf at Medina,9/14/2026,,9/14/2026,,True,,Fox Meadows
Girls Varsity Golf vs Hudson,9/15/2026,,9/15/2026,,True,,Valleaire
Girls Varsity Golf at GCC #4,9/21/2026,,9/21/2026,,True,,Fox Den
Girls JV Golf vs Brunswick,8/19/2026,,8/19/2026,,True,,Valleaire
Girls JV Golf at Mentor,8/24/2026,,8/24/2026,,True,,Blackbrook
Girls JV Golf vs Highland,8/26/2026,,8/26/2026,,True,,Valleaire
Girls JV Golf at North Royalton,8/31/2026,,8/31/2026,,True,,Briarwood
Girls JV Golf vs Lorain,9/2/2026,,9/2/2026,,True,,Valleaire
Girls JV Golf at Brunswick JV Invite,9/8/2026,,9/8/2026,,True,,CopperTop
Girls JV Golf at Rocky River,9/14/2026,,9/14/2026,,True,,Mastick Woods
Girls JV Golf at Riverside,9/15/2026,,9/15/2026,,True,,Painesville County Club
Girls JV Golf vs Medina,9/16/2026,,9/16/2026,,True,,Valleaire
Girls JV Golf at GCC Postseason,9/17/2026,,9/17/2026,,True,,Blackbrook
Girls JV Golf at Highland,9/21/2026,,9/21/2026,,True,,Pleasant Valley
Girls JV Golf vs BBHS,9/22/2026,,9/22/2026,,True,,Valleaire
Girls JV Golf vs North Royalton,9/23/2026,,9/23/2026,,True,,Valleaire
Girls Varsity Soccer at GlenOak,8/17/2026,,8/17/2026,,True,,GlenOak
Girls Varsity Soccer at Massillon Jackson,8/22/2026,,8/22/2026,,True,,Massillon Jackson
Girls Varsity Soccer vs Magnificat,8/26/2026,,8/26/2026,,True,,Strongsville
Girls Varsity Soccer at Avon,8/29/2026,,8/29/2026,,True,,Avon
Girls Varsity Soccer at Cleveland Heights,9/2/2026,,9/2/2026,,True,,Cleveland Heights
Girls Varsity Soccer at Pigeon Forge,9/4/2026,12:00 AM,9/4/2026,3:00 AM,False,,Pigeon Forge
Girls Varsity Soccer at Pigeon Forge,9/5/2026,12:00 AM,9/5/2026,3:00 AM,False,,Pigeon Forge
Girls Varsity Soccer at Pigeon Forge,9/6/2026,12:00 AM,9/6/2026,3:00 AM,False,,Pigeon Forge
Girls Varsity Soccer vs Mentor,9/9/2026,,9/9/2026,,True,,Strongsville
Girls Varsity Soccer at Walsh Jesuit,9/12/2026,,9/12/2026,,True,,Walsh Jesuit
Girls Varsity Soccer at Riverside,9/14/2026,,9/14/2026,,True,,Riverside
Girls Varsity Soccer at Shaker Heights,9/16/2026,,9/16/2026,,True,,Shaker Heights
Girls Varsity Soccer vs Anthony Wayne,9/19/2026,,9/19/2026,,True,,Strongsville
Girls Varsity Soccer at Lorain,9/23/2026,,9/23/2026,,True,,Lorain
Girls Varsity Soccer vs Brunswick,9/30/2026,,9/30/2026,,True,,Strongsville
Girls Varsity Soccer vs Upper Arlington,10/3/2026,,10/3/2026,,True,,Strongsville
Girls Varsity Soccer vs Euclid,10/7/2026,,10/7/2026,,True,,Strongsville
Girls Varsity Soccer at Medina,10/14/2026,,10/14/2026,,True,,Medina
Girls Varsity Soccer at Perrysburg,10/17/2026,,10/17/2026,,True,,Perrysburg
Girls JV A Soccer at GlenOak,8/17/2026,,8/17/2026,,True,,GlenOak
Girls JV A Soccer at Massillon Jackson,8/22/2026,,8/22/2026,,True,,Massillon Jackson
Girls JV A Soccer vs Magnificat,8/26/2026,,8/26/2026,,True,,Strongsville
Girls JV A Soccer at Avon,8/29/2026,,8/29/2026,,True,,Avon
Girls JV A Soccer at Cleveland Heights,9/2/2026,,9/2/2026,,True,,Cleveland Heights
Girls JV A Soccer vs Mentor,9/9/2026,,9/9/2026,,True,,Strongsville
Girls JV A Soccer at Walsh Jesuit,9/12/2026,,9/12/2026,,True,,Walsh Jesuit
Girls JV A Soccer at Shaker Heights,9/16/2026,,9/16/2026,,True,,Shaker Heights
Girls JV A Soccer vs Anthony Wayne,9/19/2026,,9/19/2026,,True,,Strongsville
Girls JV A Soccer vs Brunswick,9/30/2026,,9/30/2026,,True,,Strongsville
Girls JV A Soccer vs Upper Arlington,10/3/2026,,10/3/2026,,True,,Strongsville
Girls JV A Soccer at Medina,10/14/2026,,10/14/2026,,True,,Medina
Girls JV B Soccer at Brunswick,8/27/2026,,8/27/2026,,True,,Brunswick
Girls JV B Soccer vs Brecksville Broadview,8/31/2026,,8/31/2026,,True,,Strongsville
Girls JV B Soccer at St. Joes,9/2/2026,,9/2/2026,,True,,St. Joes
Girls JV B Soccer vs Medina,9/14/2026,,9/14/2026,,True,,Strongsville
Girls JV B Soccer vs Avon,9/19/2026,,9/19/2026,,True,,Strongsville
Girls JV B Soccer vs North Olmsted,9/29/2026,,9/29/2026,,True,,Strongsville
Girls JV B Soccer vs Brunswick,10/1/2026,,10/1/2026,,True,,Strongsville
Girls JV B Soccer vs Upper Arlington,10/3/2026,,10/3/2026,,True,,Strongsville
Girls JV B Soccer vs St. Joes,10/5/2026,,10/5/2026,,True,,Strongsville
Girls JV B Soccer vs Westlake,10/12/2026,,10/12/2026,,True,,Strongsville
Girls JV B Soccer at Medina,10/14/2026,,10/14/2026,,True,,Medina
Girls JV B Soccer at Brecksville Broadview,10/15/2026,,10/15/2026,,True,,Brecksville Broadview
Girls Varsity A Tennis at Highland,8/17/2026,,8/17/2026,,True,,Highland
Girls Varsity A Tennis at Aurora,8/27/2026,,8/27/2026,,True,,Aurora
Girls Varsity A Tennis at Mentor,8/31/2026,,8/31/2026,,True,,Mentor
Girls Varsity A Tennis at Highland Invitational,9/5/2026,,9/5/2026,,True,,Highland
Girls Varsity A Tennis at Brunswick,9/9/2026,,9/9/2026,,True,,Brunswick
Girls Varsity A Tennis at Toledo Notre Dame Academy,9/12/2026,,9/12/2026,,True,,Western Reserve Academy
Girls Varsity A Tennis at Hathaway Brown,9/12/2026,,9/12/2026,,True,,Western Reserve Academy
Girls Varsity A Tennis at Copley,9/16/2026,,9/16/2026,,True,,Copley
Girls Varsity A Tennis at GCC Tournament,9/17/2026,,9/17/2026,,True,,Shaker Heights
Girls Varsity A Tennis at Wadsworth,9/21/2026,,9/21/2026,,True,,Wadsworth
Girls Varsity A Tennis at Rocky River,9/22/2026,,9/22/2026,,True,,Rocky River
Girls Varsity A Tennis at OHSAA Sectional Tournament,9/28/2026,,9/28/2026,,True,,TBA
Girls Varsity A Tennis vs Revere,8/18/2026,,8/18/2026,,True,,Strongsville
Girls Varsity A Tennis vs Solon,8/20/2026,,8/20/2026,,True,,Strongsville
Girls Varsity A Tennis vs St. Joseph Academy,8/24/2026,,8/24/2026,,True,,Strongsville
Girls Varsity A Tennis vs Shaker Heights,8/26/2026,,8/26/2026,,True,,Strongsville
Girls Varsity A Tennis vs Riverside,9/2/2026,,9/2/2026,,True,,Strongsville
Girls Varsity A Tennis vs Medina,9/10/2026,,9/10/2026,,True,,Strongsville
Girls Varsity A Tennis vs Westlake,9/14/2026,,9/14/2026,,True,,Strongsville
Girls Varsity A Tennis vs Western Reserve Academy,9/23/2026,,9/23/2026,,True,,Strongsville
Girls Varsity B Tennis vs Highland,8/17/2026,,8/17/2026,,True,,Strongsville
Girls Varsity B Tennis vs North Olmsted,8/20/2026,,8/20/2026,,True,,Strongsville
Girls Varsity B Tennis at St. Joseph Academy,8/24/2026,,8/24/2026,,True,,Impett Park
Girls Varsity B Tennis vs Medina,8/25/2026,,8/25/2026,,True,,Strongsville
Girls Varsity B Tennis vs Aurora,8/27/2026,,8/27/2026,,True,,Strongsville
Girls Varsity B Tennis at Wadsworth,8/31/2026,,8/31/2026,,True,,Wadsworth
Girls Varsity B Tennis vs Westlake,9/1/2026,,9/1/2026,,True,,Strongsville
Girls Varsity B Tennis vs Holy Name,9/3/2026,,9/3/2026,,True,,Strongsville
Girls Varsity B Tennis at Medina Doubles Varsity B Tournament,9/5/2026,,9/5/2026,,True,,Medina High School
Girls Varsity B Tennis vs North Ridgeville,9/8/2026,,9/8/2026,,True,,Strongsville
Girls Varsity B Tennis at Brunswick,9/9/2026,,9/9/2026,,True,,Brunswick
Girls Varsity B Tennis at Medina,9/10/2026,,9/10/2026,,True,,Medina High School
Girls Varsity B Tennis vs Hathaway Brown,9/25/2026,,9/25/2026,,True,,Strongsville
Girls Varsity B Tennis at Westlake,9/16/2026,,9/16/2026,,True,,Westlake
Girls Varsity B Tennis vs Wadsworth,9/21/2026,,9/21/2026,,True,,Strongsville
Girls Varsity B Tennis at Western Reserve Academy,9/23/2026,,9/23/2026,,True,,Western Reserve Academy
Girls Varsity B Tennis vs Holy Name,9/24/2026,,9/24/2026,,True,,Strongsville
Girls Varsity B Tennis at Avon Varsity B Tournament,9/26/2026,,9/26/2026,,True,,Avon High School
Girls JV Tennis at Highland,8/17/2026,,8/17/2026,,True,,Highland
Girls JV Tennis at Revere,8/18/2026,,8/18/2026,,True,,Revere
Girls JV Tennis at North Olmsted,8/20/2026,,8/20/2026,,True,,North Olmsted
Girls JV Tennis at Medina JV Doubles Tournament,8/22/2026,,8/22/2026,,True,,Medina High School
Girls JV Tennis vs St. Joseph Academy,8/24/2026,,8/24/2026,,True,,Strongsville
Girls JV Tennis at Medina,8/25/2026,,8/25/2026,,True,,Medina High School
Girls JV Tennis at Shaker Heights,8/26/2026,,8/26/2026,,True,,Shaker Heights
Girls JV Tennis at JV GCC Tournament,8/27/2026,,8/27/2026,,True,,Shaker Heights
Girls JV Tennis vs Mentor,8/31/2026,,8/31/2026,,True,,Strongsville
Girls JV Tennis at Riverside,9/2/2026,,9/2/2026,,True,,Riverside
Girls JV Tennis vs Brunswick,9/9/2026,,9/9/2026,,True,,Strongsville
Girls JV Tennis at Medina,9/10/2026,,9/10/2026,,True,,Medina High School
Girls JV Tennis at Westlake,9/14/2026,,9/14/2026,,True,,Westlake
Girls JV Tennis vs Copley,9/16/2026,,9/16/2026,,True,,Strongsville
Girls JV Tennis at North Ridgeville,9/17/2026,,9/17/2026,,True,,North Ridgeville
Girls JV Tennis vs Wadsworth,9/21/2026,,9/21/2026,,True,,Strongsville
Girls JV Tennis vs Rocky River,9/22/2026,,9/22/2026,,True,,Strongsville
Girls JV Tennis at Western Reserve Academy,9/23/2026,,9/23/2026,,True,,Western Reserve Academy
Girls Varsity Volleyball at North Royalton/Lakewood,8/22/2026,,8/22/2026,,True,,North Royalton
Girls Varsity Volleyball vs Hoban,8/25/2026,,8/25/2026,,True,,Strongsville
Girls Varsity Volleyball at Padua,8/27/2026,,8/27/2026,,True,,Padua
Girls Varsity Volleyball at Western Reserve Academy,9/1/2026,,9/1/2026,,True,,Western Reserve Academy
Girls Varsity Volleyball at Walsh,9/3/2026,,9/3/2026,,True,,Walsh
Girls Varsity Volleyball vs Avon Lake,9/8/2026,,9/8/2026,,True,,Strongsville
Girls Varsity Volleyball vs Riverside,9/10/2026,,9/10/2026,,True,,Strongsville
Girls Varsity Volleyball vs Brunswick,9/15/2026,,9/15/2026,,True,,Strongsville
Girls Varsity Volleyball at Shaker Heights,9/17/2026,,9/17/2026,,True,,Shaker Heights
Girls Varsity Volleyball at Jackson Tournament,9/19/2026,,9/19/2026,,True,,Jackson Middle School
Girls Varsity Volleyball vs Lorain,9/22/2026,,9/22/2026,,True,,Strongsville
Girls Varsity Volleyball vs Western Reserve Academy,9/24/2026,,9/24/2026,,True,,Strongsville
Girls Varsity Volleyball at Mentor,9/29/2026,,9/29/2026,,True,,Mentor
Girls Varsity Volleyball at Riverside,10/1/2026,,10/1/2026,,True,,Riverside
Girls Varsity Volleyball vs Cleveland Heights,10/6/2026,,10/6/2026,,True,,Strongsville
Girls Varsity Volleyball vs Rocky River,10/8/2026,,10/8/2026,,True,,Strongsville
Girls Varsity Volleyball at Euclid,10/13/2026,,10/13/2026,,True,,Euclid
Girls Varsity Volleyball at Brunswick,10/15/2026,,10/15/2026,,True,,Brunswick
Girls Varsity Volleyball vs Mentor,10/20/2026,,10/20/2026,,True,,Strongsville
Girls JV Volleyball at Highland/Beaumont,8/22/2026,,8/22/2026,,True,,Highland
Girls JV Volleyball vs North Royalton/Lakewood,8/25/2026,,8/25/2026,,True,,Strongsville
Girls JV Volleyball vs Hoban,8/25/2026,,8/25/2026,,True,,Strongsville
Girls JV Volleyball at Padua,8/27/2026,,8/27/2026,,True,,Padua
Girls JV Volleyball at St. Joseph Academy,9/1/2026,12:00 AM,9/1/2026,3:00 AM,False,,St. Joseph Academy
Girls JV Volleyball vs Avon Lake,9/8/2026,,9/8/2026,,True,,Strongsville
Girls JV Volleyball vs Riverside,9/10/2026,,9/10/2026,,True,,Strongsville
Girls JV Volleyball vs Brunswick,9/15/2026,,9/15/2026,,True,,Strongsville
Girls JV Volleyball at Shaker Heights,9/17/2026,,9/17/2026,,True,,Shaker Heights
Girls JV Volleyball at Jackson Tournament,9/19/2026,12:00 AM,9/19/2026,3:00 AM,False,,Jackson Middle School
Girls JV Volleyball vs Lorain,9/22/2026,,9/22/2026,,True,,Strongsville
Girls JV Volleyball vs Western Reserve Academy,9/24/2026,,9/24/2026,,True,,Strongsville
Girls JV Volleyball at Mentor,9/29/2026,,9/29/2026,,True,,Mentor
Girls JV Volleyball at Riverside,10/1/2026,,10/1/2026,,True,,Riverside
Girls JV Volleyball vs Cleveland Heights,10/6/2026,,10/6/2026,,True,,Strongsville
Girls JV Volleyball vs Rocky River,10/8/2026,,10/8/2026,,True,,Strongsville
Girls JV Volleyball at Euclid,10/13/2026,,10/13/2026,,True,,Euclid
Girls JV Volleyball at Brunswick,10/15/2026,,10/15/2026,,True,,Brunswick
Girls JV Volleyball vs Mentor,10/20/2026,,10/20/2026,,True,,Strongsville
Girls Freshman Volleyball vs North Royalton/Lakewood,8/22/2026,,8/22/2026,,True,,Strongsville
Girls Freshman Volleyball vs Hoban,8/25/2026,,8/25/2026,,True,,Strongsville
Girls Freshman Volleyball at Padua,8/27/2026,,8/27/2026,,True,,Padua
Girls Freshman Volleyball at St. Joseph Academy,9/1/2026,12:00 AM,9/1/2026,3:00 AM,False,,St. Joseph Academy
Girls Freshman Volleyball vs Avon Lake,9/8/2026,,9/8/2026,,True,,Strongsville
Girls Freshman Volleyball vs Riverside,9/10/2026,,9/10/2026,,True,,Strongsville
Girls Freshman Volleyball vs Brunswick,9/15/2026,,9/15/2026,,True,,Strongsville
Girls Freshman Volleyball at Shaker Heights,9/17/2026,,9/17/2026,,True,,Shaker Heights
Girls Freshman Volleyball vs Lorain,9/22/2026,,9/22/2026,,True,,Strongsville
Girls Freshman Volleyball vs Western Reserve Academy,9/24/2026,,9/24/2026,,True,,Strongsville
Girls Freshman Volleyball at Mentor,9/29/2026,,9/29/2026,,True,,Mentor
Girls Freshman Volleyball at Riverside,10/1/2026,,10/1/2026,,True,,Riverside
Girls Freshman Volleyball vs Cleveland Heights,10/6/2026,,10/6/2026,,True,,Strongsville
Girls Freshman Volleyball vs Rocky River,10/8/2026,,10/8/2026,,True,,Strongsville
Girls Freshman Volleyball at Euclid,10/13/2026,,10/13/2026,,True,,Euclid
Girls Freshman Volleyball at Brunswick,10/15/2026,,10/15/2026,,True,,Brunswick
Girls Freshman Volleyball vs Mentor,10/20/2026,,10/20/2026,,True,,Strongsville
Girls 8th Green Volleyball at Berea - Midpark,8/18/2026,,8/18/2026,,True,,- Midpark MS
Girls 8th Green Volleyball vs North Olmsted,8/20/2026,,8/20/2026,,True,,Strongsville
Girls 8th Green Volleyball at Jackson Tourn.,8/22/2026,,8/22/2026,,True,,Jackson Memorial MS
Girls 8th Green Volleyball at Brunswick MS - White,8/25/2026,,8/25/2026,,True,,Brunswick MS
Girls 8th Green Volleyball at Lorain Middle - Southview,8/27/2026,,8/27/2026,,True,,Lorain Middle - Southview
Girls 8th Green Volleyball vs BNorth Royalton - Aack gym,9/1/2026,,9/1/2026,,True,,Strongsville
Girls 8th Green Volleyball vs Lorain Middle,9/3/2026,,9/3/2026,,True,,Strongsville
Girls 8th Green Volleyball at Brunswick MS - Blue,9/8/2026,,9/8/2026,,True,,Brunswick MS
Girls 8th Green Volleyball at Keystone,9/10/2026,,9/10/2026,,True,,Keystone MS
Girls 8th Green Volleyball at North Royalton MS - B,9/15/2026,,9/15/2026,,True,,North Royalton MS
Girls 8th Green Volleyball vs Front gym,9/17/2026,,9/17/2026,,True,,Strongsville
Girls 8th Green Volleyball vs Medina Root,9/21/2026,,9/21/2026,,True,,Strongsville
Girls 8th Green Volleyball at Olmsted Falls MS,9/29/2026,,9/29/2026,,True,,Olmsted Falls MS
Girls 8th Green Volleyball vs Brunswick Blue - B,10/1/2026,,10/1/2026,,True,,Strongsville
Girls 8th White Volleyball at North Royalton HS - B,8/18/2026,,8/18/2026,,True,,North Royalton HS
Girls 8th White Volleyball vs Medina Highland,8/20/2026,,8/20/2026,,True,,Strongsville
Girls 8th White Volleyball at Brunswick MS Blue,8/25/2026,,8/25/2026,,True,,Brunswick MS
Girls 8th White Volleyball at Avon/Amherst,8/27/2026,,8/27/2026,,True,,Amherst
Girls 8th White Volleyball vs North Royalton- A,9/1/2026,,9/1/2026,,True,,Strongsville
Girls 8th White Volleyball at Brunswick MS White,9/3/2026,,9/3/2026,,True,,Brunswick MS
Girls 8th White Volleyball vs Lorain Middle,9/8/2026,,9/8/2026,,True,,Strongsville
Girls 8th White Volleyball at Lorain Middle,9/10/2026,,9/10/2026,,True,,Southview
Girls 8th White Volleyball vs Olmsted Falls,9/15/2026,,9/15/2026,,True,,Strongsville
Girls 8th White Volleyball vs Brunswick Blue - B,9/17/2026,,9/17/2026,,True,,Strongsville
Girls 8th White Volleyball at Open Door Christian School,9/21/2026,,9/21/2026,,True,,Open Door Christian School
Girls 8th White Volleyball at Medina Root,9/22/2026,,9/22/2026,,True,,Medina Root
Girls 8th White Volleyball vs Brunswick White - A,9/29/2026,,9/29/2026,,True,,Strongsville
Girls 8th White Volleyball at Lorain Middle,10/1/2026,,10/1/2026,,True,,Southview
Girls 7th Green Volleyball at Berea - Midpark,8/18/2026,,8/18/2026,,True,,- Midpark MS
Girls 7th Green Volleyball vs North Olmsted,8/20/2026,,8/20/2026,,True,,Strongsville
Girls 7th Green Volleyball at Jackson Tourn.,8/22/2026,,8/22/2026,,True,,Jackson Memorial MS
Girls 7th Green Volleyball at Brunswick MS - White,8/25/2026,,8/25/2026,,True,,Brunswick MS
Girls 7th Green Volleyball at Lorain Middle - Southview,8/27/2026,,8/27/2026,,True,,Lorain Middle - Southview
Girls 7th Green Volleyball vs BNorth Royalton - Aack gym,9/1/2026,,9/1/2026,,True,,Strongsville
Girls 7th Green Volleyball vs Lorain Middle,9/3/2026,,9/3/2026,,True,,Strongsville
Girls 7th Green Volleyball at Brunswick MS - Blue,9/8/2026,,9/8/2026,,True,,Brunswick MS
Girls 7th Green Volleyball at Keystone,9/10/2026,,9/10/2026,,True,,Keystone MS
Girls 7th Green Volleyball at North Royalton MS - B,9/15/2026,,9/15/2026,,True,,North Royalton MS
Girls 7th Green Volleyball vs Front gym,9/17/2026,,9/17/2026,,True,,Strongsville
Girls 7th Green Volleyball vs Medina Root,9/21/2026,,9/21/2026,,True,,Strongsville
Girls 7th Green Volleyball at Olmsted Falls MS,9/29/2026,,9/29/2026,,True,,Olmsted Falls MS
Girls 7th Green Volleyball vs Brunswick Blue - B,10/1/2026,,10/1/2026,,True,,Strongsville
Girls 7th White Volleyball at North Royalton HS - B,8/18/2026,,8/18/2026,,True,,North Royalton HS
Girls 7th White Volleyball vs Medina Highland,8/20/2026,,8/20/2026,,True,,Strongsville
Girls 7th White Volleyball at Brunswick MS Blue,8/25/2026,,8/25/2026,,True,,Brunswick MS
Girls 7th White Volleyball at Avon/Amherst,8/27/2026,,8/27/2026,,True,,Amherst
Girls 7th White Volleyball vs North Royalton- A,9/1/2026,,9/1/2026,,True,,Strongsville
Girls 7th White Volleyball at Brunswick MS White,9/3/2026,,9/3/2026,,True,,Brunswick MS
Girls 7th White Volleyball vs Lorain Middle,9/8/2026,,9/8/2026,,True,,Strongsville
Girls 7th White Volleyball at Lorain Middle,9/10/2026,,9/10/2026,,True,,Southview
Girls 7th White Volleyball vs Olmsted Falls,9/15/2026,,9/15/2026,,True,,Strongsville
Girls 7th White Volleyball vs Brunswick Blue - B,9/17/2026,,9/17/2026,,True,,Strongsville
Girls 7th White Volleyball at Open Door Christian School,9/21/2026,,9/21/2026,,True,,Open Door Christian School
Girls 7th White Volleyball at Medina Root,9/22/2026,,9/22/2026,,True,,Medina Root
Girls 7th White Volleyball vs Brunswick White - A,9/29/2026,,9/29/2026,,True,,Strongsville
Girls 7th White Volleyball at Lorain Middle,10/1/2026,,10/1/2026,,True,,Southview
Girls Varsity football Cheer at Avon Lake,8/21/2026,,8/21/2026,,True,,Avon Lake
Girls Varsity football Cheer vs Highland,8/28/2026,,8/28/2026,,True,,Strongsville
Girls Varsity football Cheer vs TBA,9/1/2026,,9/1/2026,,True,,Strongsville
Girls Varsity football Cheer at Olmsted Falls,9/4/2026,,9/4/2026,,True,,Olmsted Falls
Girls Varsity football Cheer vs Cleveland Heights,9/11/2026,,9/11/2026,,True,,Strongsville
Girls Varsity football Cheer at Euclid,9/18/2026,,9/18/2026,,True,,Euclid
Girls Varsity football Cheer at Painesville Riverside,9/25/2026,,9/25/2026,,True,,Painesville Riverside
Girls Varsity football Cheer vs Mentor,10/2/2026,,10/2/2026,,True,,Strongsville
Girls Varsity football Cheer vs Lorain,10/9/2026,,10/9/2026,,True,,Strongsville
Girls Varsity football Cheer at Shaker Heights,10/16/2026,,10/16/2026,,True,,Shaker Heights
Girls Varsity football Cheer vs Brunswick,10/23/2026,,10/23/2026,,True,,Strongsville
Girls JV Football Cheer vs Avon Lake,8/22/2026,,8/22/2026,,True,,Strongsville
Girls JV Football Cheer at Highland,8/29/2026,,8/29/2026,,True,,Highland
Girls JV Football Cheer vs Olmsted Falls,9/5/2026,,9/5/2026,,True,,Strongsville
Girls JV Football Cheer at Cleveland Heights,9/12/2026,,9/12/2026,,True,,Cleveland Heights
Girls JV Football Cheer vs Euclid,9/19/2026,,9/19/2026,,True,,Strongsville
Girls JV Football Cheer vs Painesville Riverside,9/26/2026,,9/26/2026,,True,,Strongsville
Girls JV Football Cheer at Mentor,10/3/2026,,10/3/2026,,True,,Mentor
Girls JV Football Cheer at Lorain,10/10/2026,,10/10/2026,,True,,Lorain
Girls JV Football Cheer vs Shaker Heights,10/17/2026,,10/17/2026,,True,,Strongsville
Girls JV Football Cheer at Brunswick,10/24/2026,,10/24/2026,,True,,Brunswick
Girls 9th Football Cheer vs Avon Lake,8/20/2026,,8/20/2026,,True,,Strongsville
Girls 9th Football Cheer at Highland,8/27/2026,,8/27/2026,,True,,Highland
Girls 9th Football Cheer vs Olmsted Falls,9/3/2026,,9/3/2026,,True,,Strongsville
Girls 9th Football Cheer vs Benedictine,9/10/2026,,9/10/2026,,True,,Strongsville
Girls 9th Football Cheer vs Euclid,9/17/2026,,9/17/2026,,True,,Strongsville
Girls 9th Football Cheer vs Painesville Riverside,9/24/2026,,9/24/2026,,True,,Strongsville
Girls 9th Football Cheer at Mentor,10/1/2026,,10/1/2026,,True,,Mentor
Girls 9th Football Cheer at Lorain,10/8/2026,,10/8/2026,,True,,Lorain
Girls 9th Football Cheer vs Shaker Heights,10/15/2026,,10/15/2026,,True,,Strongsville
Girls 9th Football Cheer at Brunswick,10/22/2026,,10/22/2026,,True,,Brunswick
